property name,building name,floor number,floor title,unit number,space number,floorplan name,unit type name,unit security deposit,market rent,budgeted base rent,budgeted amenity rent,renewal,square footage,unit status,min sq ft,max sq ft,bedroom count,bathroom count,unit gender,building street line1,building street line2,building city,building state code,building country code,building postal code,street line1,street line2,city,state code,country code,postal code,web visible,is furnished,available on,make ready date,certification of occupancy date,space configuration,lease term,term start date,term end date,note,tax credit unit number,exclusion reason,min rent,max rent
,,,,,,,,,,,,,,,,,,,,,,,,,,,,,,,,,,,,,,,,,,,,,
Iwagakure,1,,,100,A1,1x1,1x1,,,,,,1000,Vacant Unrented Ready,,,,,,,,,,,,800 N Mill Rd Apt 100,,Vineyard,UT,US,84059,,,5/15/2022,,,,,,,,,,,1998
,,,,,,,,,,,,,,,,,,,,,,,,,,,,,,,,,,,,,,,,,,,,,
Iwagakure,1,,,100,A2,1x1,1x1,,,,,,1000,Vacant Unrented Ready,,,,,,,,,,,,800 N Mill Rd Apt 100,,Vineyard,UT,US,84059,,,5/16/2022,,,,,,,,,,,599
,,,,,,,,,,,,,,,,,,,,,,,,,,,,,,,,,,,,,,,,,,,,,
Iwagakure,1,,,101,A1,1x1,1x1,,,,,,1000,Occupied No Notice,,,,,,,,,,,,800 N Mill Rd Apt 101,,Vineyard,UT,US,84059,,,,,,,,8/15/2021,7/31/2022,,,,,1824
,,,,,,,,,,,,,,,,,,,,,,,,,,,,,,,,,,,,,,,,,,,,,
Iwagakure,1,,,101,A2,1x1,1x1,,,,,,1000,Occupied No Notice,,,,,,,,,,,,800 N Mill Rd Apt 101,,Vineyard,UT,US,84059,,,,,,,,8/15/2021,7/31/2022,,,,,1810
,,,,,,,,,,,,,,,,,,,,,,,,,,,,,,,,,,,,,,,,,,,,,
Iwagakure,1,,,102,A1,1x1,1x1,,,,,,1000,Occupied No Notice,,,,,,,,,,,,800 N Mill Rd Apt 102,,Vineyard,UT,US,84059,,,,,,,,8/15/2021,7/31/2022,,,,,1136
,,,,,,,,,,,,,,,,,,,,,,,,,,,,,,,,,,,,,,,,,,,,,
Iwagakure,1,,,102,A2,1x1,1x1,,,,,,1000,Occupied No Notice,,,,,,,,,,,,800 N Mill Rd Apt 102,,Vineyard,UT,US,84059,,,,,,,,8/15/2021,7/31/2022,,,,,2166
,,,,,,,,,,,,,,,,,,,,,,,,,,,,,,,,,,,,,,,,,,,,,
Iwagakure,1,,,103,A1,1x1,1x1,,,,,,1000,Occupied No Notice,,,,,,,,,,,,800 N Mill Rd Apt 103,,Vineyard,UT,US,84059,,,,,,,,8/15/2021,7/31/2022,,,,,1881
,,,,,,,,,,,,,,,,,,,,,,,,,,,,,,,,,,,,,,,,,,,,,
Iwagakure,1,,,103,A2,1x1,1x1,,,,,,1000,Occupied No Notice,,,,,,,,,,,,800 N Mill Rd Apt 103,,Vineyard,UT,US,84059,,,,,,,,8/15/2021,7/31/2022,,,,,939
,,,,,,,,,,,,,,,,,,,,,,,,,,,,,,,,,,,,,,,,,,,,,
Iwagakure,1,,,104,A1,1x1,1x1,,,,,,1000,Occupied No Notice,,,,,,,,,,,,800 N Mill Rd Apt 104,,Vineyard,UT,US,84059,,,,,,,,8/15/2021,7/31/2022,,,,,2354
,,,,,,,,,,,,,,,,,,,,,,,,,,,,,,,,,,,,,,,,,,,,,
Iwagakure,1,,,104,A2,1x1,1x1,,,,,,1000,Occupied No Notice,,,,,,,,,,,,800 N Mill Rd Apt 104,,Vineyard,UT,US,84059,,,,,,,,8/15/2021,7/31/2022,,,,,518
,,,,,,,,,,,,,,,,,,,,,,,,,,,,,,,,,,,,,,,,,,,,,
Iwagakure,1,,,105,A,2x2,2x2,,,,,,1500,Occupied No Notice,,,,,,,,,,,,800 N Mill Rd Apt 105,,Vineyard,UT,US,84059,,,,,,,,8/15/2021,7/31/2022,,,,,846
,,,,,,,,,,,,,,,,,,,,,,,,,,,,,,,,,,,,,,,,,,,,,
Iwagakure,1,,,105,B,2x2,2x2,,,,,,1500,Vacant Unrented Ready,,,,,,,,,,,,800 N Mill Rd Apt 105,,Vineyard,UT,US,84059,,,5/16/2022,,,,,,,,,,,1012
,,,,,,,,,,,,,,,,,,,,,,,,,,,,,,,,,,,,,,,,,,,,,
Iwagakure,1,,,106,A,2x2,2x2,,,,,,1500,Occupied No Notice,,,,,,,,,,,,800 N Mill Rd Apt 106,,Vineyard,UT,US,84059,,,,,,,,8/15/2021,7/31/2022,,,,,2153
,,,,,,,,,,,,,,,,,,,,,,,,,,,,,,,,,,,,,,,,,,,,,
Iwagakure,1,,,106,B,2x2,2x2,,,,,,1500,Vacant Unrented Ready,,,,,,,,,,,,800 N Mill Rd Apt 106,,Vineyard,UT,US,84059,,,5/16/2022,,,,,,,,,,,1804
,,,,,,,,,,,,,,,,,,,,,,,,,,,,,,,,,,,,,,,,,,,,,
Iwagakure,1,,,107,A,2x2,2x2,,,,,,1500,Occupied No Notice,,,,,,,,,,,,800 N Mill Rd Apt 107,,Vineyard,UT,US,84059,,,,,,,,8/15/2021,7/31/2022,,,,,1467
,,,,,,,,,,,,,,,,,,,,,,,,,,,,,,,,,,,,,,,,,,,,,
Iwagakure,1,,,107,B,2x2,2x2,,,,,,1500,Vacant Unrented Ready,,,,,,,,,,,,800 N Mill Rd Apt 107,,Vineyard,UT,US,84059,,,5/16/2022,,,,,,,,,,,1621
,,,,,,,,,,,,,,,,,,,,,,,,,,,,,,,,,,,,,,,,,,,,,
Iwagakure,1,,,108,A,2x2,2x2,,,,,,1500,Occupied No Notice,,,,,,,,,,,,800 N Mill Rd Apt 108,,Vineyard,UT,US,84059,,,,,,,,8/15/2021,7/31/2022,,,,,1785
,,,,,,,,,,,,,,,,,,,,,,,,,,,,,,,,,,,,,,,,,,,,,
Iwagakure,1,,,108,B,2x2,2x2,,,,,,1500,Vacant Unrented Ready,,,,,,,,,,,,800 N Mill Rd Apt 108,,Vineyard,UT,US,84059,,,5/16/2022,,,,,,,,,,,782
,,,,,,,,,,,,,,,,,,,,,,,,,,,,,,,,,,,,,,,,,,,,,
Iwagakure,1,,,109,A,4x4,4x4,,,,,,2500,Occupied No Notice,,,,,,,,,,,,800 N Mill Rd Apt 109,,Vineyard,UT,US,84059,,,,,,,,8/15/2021,7/31/2022,,,,,2188
,,,,,,,,,,,,,,,,,,,,,,,,,,,,,,,,,,,,,,,,,,,,,
Iwagakure,1,,,109,B,4x4,4x4,,,,,,2500,Vacant Unrented Ready,,,,,,,,,,,,800 N Mill Rd Apt 109,,Vineyard,UT,US,84059,,,5/16/2022,,,,,,,,,,,2125
,,,,,,,,,,,,,,,,,,,,,,,,,,,,,,,,,,,,,,,,,,,,,
Iwagakure,1,,,109,C,4x4,4x4,,,,,,2500,Vacant Unrented Ready,,,,,,,,,,,,800 N Mill Rd Apt 109,,Vineyard,UT,US,84059,,,5/16/2022,,,,,,,,,,,1847
,,,,,,,,,,,,,,,,,,,,,,,,,,,,,,,,,,,,,,,,,,,,,
Iwagakure,1,,,109,D,4x4,4x4,,,,,,2500,Vacant Unrented Ready,,,,,,,,,,,,800 N Mill Rd Apt 109,,Vineyard,UT,US,84059,,,5/16/2022,,,,,,,,,,,2181
,,,,,,,,,,,,,,,,,,,,,,,,,,,,,,,,,,,,,,,,,,,,,
Iwagakure,1,,,110,A,4x4,4x4,,,,,,2500,Occupied No Notice,,,,,,,,,,,,800 N Mill Rd Apt 110,,Vineyard,UT,US,84059,,,,,,,,8/15/2021,7/31/2022,,,,,1231
,,,,,,,,,,,,,,,,,,,,,,,,,,,,,,,,,,,,,,,,,,,,,
Iwagakure,1,,,110,B,4x4,4x4,,,,,,2500,Occupied No Notice,,,,,,,,,,,,800 N Mill Rd Apt 110,,Vineyard,UT,US,84059,,,,,,,,8/15/2021,7/31/2022,,,,,570
,,,,,,,,,,,,,,,,,,,,,,,,,,,,,,,,,,,,,,,,,,,,,
Iwagakure,1,,,110,C,4x4,4x4,,,,,,2500,Occupied No Notice,,,,,,,,,,,,800 N Mill Rd Apt 110,,Vineyard,UT,US,84059,,,,,,,,8/15/2021,7/31/2022,,,,,930
,,,,,,,,,,,,,,,,,,,,,,,,,,,,,,,,,,,,,,,,,,,,,
Iwagakure,1,,,110,D,4x4,4x4,,,,,,2500,Occupied No Notice,,,,,,,,,,,,800 N Mill Rd Apt 110,,Vineyard,UT,US,84059,,,,,,,,8/15/2021,7/31/2022,,,,,1918
,,,,,,,,,,,,,,,,,,,,,,,,,,,,,,,,,,,,,,,,,,,,,
Iwagakure,2,,,200,A1,1x1,1x1,,,,,,1000,Vacant Unrented Ready,,,,,,,,,,,,800 N Mill Rd Apt 200,,Vineyard,UT,US,84059,,,5/16/2022,,,,,,,,,,,884
,,,,,,,,,,,,,,,,,,,,,,,,,,,,,,,,,,,,,,,,,,,,,
Iwagakure,2,,,200,A2,1x1,1x1,,,,,,1000,Vacant Unrented Ready,,,,,,,,,,,,800 N Mill Rd Apt 200,,Vineyard,UT,US,84059,,,5/16/2022,,,,,,,,,,,1358
,,,,,,,,,,,,,,,,,,,,,,,,,,,,,,,,,,,,,,,,,,,,,
Iwagakure,2,,,201,A1,1x1,1x1,,,,,,1000,Occupied No Notice,,,,,,,,,,,,800 N Mill Rd Apt 201,,Vineyard,UT,US,84059,,,,,,,,8/15/2021,7/31/2022,,,,,2103
,,,,,,,,,,,,,,,,,,,,,,,,,,,,,,,,,,,,,,,,,,,,,
Iwagakure,2,,,201,A2,1x1,1x1,,,,,,1000,Occupied No Notice,,,,,,,,,,,,800 N Mill Rd Apt 201,,Vineyard,UT,US,84059,,,,,,,,8/15/2021,7/31/2022,,,,,1486
,,,,,,,,,,,,,,,,,,,,,,,,,,,,,,,,,,,,,,,,,,,,,
Iwagakure,2,,,202,A1,1x1,1x1,,,,,,1000,Occupied No Notice,,,,,,,,,,,,800 N Mill Rd Apt 202,,Vineyard,UT,US,84059,,,,,,,,8/15/2021,7/31/2022,,,,,1914
,,,,,,,,,,,,,,,,,,,,,,,,,,,,,,,,,,,,,,,,,,,,,
Iwagakure,2,,,202,A2,1x1,1x1,,,,,,1000,Occupied No Notice,,,,,,,,,,,,800 N Mill Rd Apt 202,,Vineyard,UT,US,84059,,,,,,,,8/15/2021,7/31/2022,,,,,1848
,,,,,,,,,,,,,,,,,,,,,,,,,,,,,,,,,,,,,,,,,,,,,
Iwagakure,2,,,203,A1,1x1,1x1,,,,,,1000,Occupied No Notice,,,,,,,,,,,,800 N Mill Rd Apt 203,,Vineyard,UT,US,84059,,,,,,,,8/15/2021,7/31/2022,,,,,1910
,,,,,,,,,,,,,,,,,,,,,,,,,,,,,,,,,,,,,,,,,,,,,
Iwagakure,2,,,203,A2,1x1,1x1,,,,,,1000,Occupied No Notice,,,,,,,,,,,,800 N Mill Rd Apt 203,,Vineyard,UT,US,84059,,,,,,,,8/15/2021,7/31/2022,,,,,2291
,,,,,,,,,,,,,,,,,,,,,,,,,,,,,,,,,,,,,,,,,,,,,
Iwagakure,2,,,204,A1,1x1,1x1,,,,,,1000,Occupied No Notice,,,,,,,,,,,,800 N Mill Rd Apt 204,,Vineyard,UT,US,84059,,,,,,,,8/15/2021,7/31/2022,,,,,1099
,,,,,,,,,,,,,,,,,,,,,,,,,,,,,,,,,,,,,,,,,,,,,
Iwagakure,2,,,204,A2,1x1,1x1,,,,,,1000,Occupied No Notice,,,,,,,,,,,,800 N Mill Rd Apt 204,,Vineyard,UT,US,84059,,,,,,,,8/15/2021,7/31/2022,,,,,1919
,,,,,,,,,,,,,,,,,,,,,,,,,,,,,,,,,,,,,,,,,,,,,
Iwagakure,2,,,205,A,2x2,2x2,,,,,,1500,Occupied No Notice,,,,,,,,,,,,800 N Mill Rd Apt 205,,Vineyard,UT,US,84059,,,,,,,,8/15/2021,7/31/2022,,,,,1525
,,,,,,,,,,,,,,,,,,,,,,,,,,,,,,,,,,,,,,,,,,,,,
Iwagakure,2,,,205,B,2x2,2x2,,,,,,1500,Vacant Unrented Ready,,,,,,,,,,,,800 N Mill Rd Apt 205,,Vineyard,UT,US,84059,,,5/16/2022,,,,,,,,,,,885
,,,,,,,,,,,,,,,,,,,,,,,,,,,,,,,,,,,,,,,,,,,,,
Iwagakure,2,,,206,A,2x2,2x2,,,,,,1500,Occupied No Notice,,,,,,,,,,,,800 N Mill Rd Apt 206,,Vineyard,UT,US,84059,,,,,,,,8/15/2021,7/31/2022,,,,,920
,,,,,,,,,,,,,,,,,,,,,,,,,,,,,,,,,,,,,,,,,,,,,
Iwagakure,2,,,206,B,2x2,2x2,,,,,,1500,Vacant Unrented Ready,,,,,,,,,,,,800 N Mill Rd Apt 206,,Vineyard,UT,US,84059,,,5/16/2022,,,,,,,,,,,2003
,,,,,,,,,,,,,,,,,,,,,,,,,,,,,,,,,,,,,,,,,,,,,
Iwagakure,2,,,207,A,2x2,2x2,,,,,,1500,Occupied No Notice,,,,,,,,,,,,800 N Mill Rd Apt 207,,Vineyard,UT,US,84059,,,,,,,,8/15/2021,7/31/2022,,,,,2103
,,,,,,,,,,,,,,,,,,,,,,,,,,,,,,,,,,,,,,,,,,,,,
Iwagakure,2,,,207,B,2x2,2x2,,,,,,1500,Vacant Unrented Ready,,,,,,,,,,,,800 N Mill Rd Apt 207,,Vineyard,UT,US,84059,,,5/16/2022,,,,,,,,,,,525
,,,,,,,,,,,,,,,,,,,,,,,,,,,,,,,,,,,,,,,,,,,,,
Iwagakure,2,,,208,A,2x2,2x2,,,,,,1500,Occupied No Notice,,,,,,,,,,,,800 N Mill Rd Apt 208,,Vineyard,UT,US,84059,,,,,,,,8/15/2021,7/31/2022,,,,,1683
,,,,,,,,,,,,,,,,,,,,,,,,,,,,,,,,,,,,,,,,,,,,,
Iwagakure,2,,,208,B,2x2,2x2,,,,,,1500,Vacant Unrented Ready,,,,,,,,,,,,800 N Mill Rd Apt 208,,Vineyard,UT,US,84059,,,5/16/2022,,,,,,,,,,,1290
,,,,,,,,,,,,,,,,,,,,,,,,,,,,,,,,,,,,,,,,,,,,,
Iwagakure,2,,,209,A,4x4,4x4,,,,,,2500,Vacant Unrented Ready,,,,,,,,,,,,800 N Mill Rd Apt 209,,Vineyard,UT,US,84059,,,5/17/2022,,,,,,,,,,,2077
,,,,,,,,,,,,,,,,,,,,,,,,,,,,,,,,,,,,,,,,,,,,,
Iwagakure,2,,,209,B,4x4,4x4,,,,,,2500,Vacant Unrented Ready,,,,,,,,,,,,800 N Mill Rd Apt 209,,Vineyard,UT,US,84059,,,5/18/2022,,,,,,,,,,,1172
,,,,,,,,,,,,,,,,,,,,,,,,,,,,,,,,,,,,,,,,,,,,,
Iwagakure,2,,,209,C,4x4,4x4,,,,,,2500,Vacant Unrented Ready,,,,,,,,,,,,800 N Mill Rd Apt 209,,Vineyard,UT,US,84059,,,5/19/2022,,,,,,,,,,,1562
,,,,,,,,,,,,,,,,,,,,,,,,,,,,,,,,,,,,,,,,,,,,,
Iwagakure,2,,,209,D,4x4,4x4,,,,,,2500,Vacant Unrented Ready,,,,,,,,,,,,800 N Mill Rd Apt 209,,Vineyard,UT,US,84059,,,5/20/2022,,,,,,,,,,,886
,,,,,,,,,,,,,,,,,,,,,,,,,,,,,,,,,,,,,,,,,,,,,
Iwagakure,2,,,210,A,4x4,4x4,,,,,,2500,Vacant Unrented Ready,,,,,,,,,,,,800 N Mill Rd Apt 210,,Vineyard,UT,US,84059,,,5/21/2022,,,,,,,,,,,707
,,,,,,,,,,,,,,,,,,,,,,,,,,,,,,,,,,,,,,,,,,,,,
Iwagakure,2,,,210,B,4x4,4x4,,,,,,2500,Vacant Unrented Ready,,,,,,,,,,,,800 N Mill Rd Apt 210,,Vineyard,UT,US,84059,,,5/22/2022,,,,,,,,,,,1749
,,,,,,,,,,,,,,,,,,,,,,,,,,,,,,,,,,,,,,,,,,,,,
Iwagakure,2,,,210,C,4x4,4x4,,,,,,2500,Vacant Unrented Ready,,,,,,,,,,,,800 N Mill Rd Apt 210,,Vineyard,UT,US,84059,,,5/23/2022,,,,,,,,,,,2395
,,,,,,,,,,,,,,,,,,,,,,,,,,,,,,,,,,,,,,,,,,,,,
Iwagakure,2,,,210,D,4x4,4x4,,,,,,2500,Vacant Unrented Ready,,,,,,,,,,,,800 N Mill Rd Apt 210,,Vineyard,UT,US,84059,,,5/24/2022,,,,,,,,,,,1907
,,,,,,,,,,,,,,,,,,,,,,,,,,,,,,,,,,,,,,,,,,,,,
Iwagakure,3,,,300,A,3x3,3x3,,,,,,2000,Vacant Unrented Ready,,,,,,,,,,,,800 N Mill Rd Apt 300,,Vineyard,UT,US,84059,,,5/25/2022,,,,,,,,,,,2012
,,,,,,,,,,,,,,,,,,,,,,,,,,,,,,,,,,,,,,,,,,,,,
Iwagakure,3,,,300,B,3x3,3x3,,,,,,2000,Vacant Unrented Ready,,,,,,,,,,,,800 N Mill Rd Apt 300,,Vineyard,UT,US,84059,,,5/26/2022,,,,,,,,,,,1993
,,,,,,,,,,,,,,,,,,,,,,,,,,,,,,,,,,,,,,,,,,,,,
Iwagakure,3,,,300,C,3x3,3x3,,,,,,2000,Vacant Unrented Ready,,,,,,,,,,,,800 N Mill Rd Apt 300,,Vineyard,UT,US,84059,,,5/27/2022,,,,,,,,,,,1571
,,,,,,,,,,,,,,,,,,,,,,,,,,,,,,,,,,,,,,,,,,,,,
Iwagakure,3,,,301,A,3x3,3x3,,,,,,2000,Vacant Unrented Ready,,,,,,,,,,,,800 N Mill Rd Apt 301,,Vineyard,UT,US,84059,,,5/28/2022,,,,,,,,,,,507
,,,,,,,,,,,,,,,,,,,,,,,,,,,,,,,,,,,,,,,,,,,,,
Iwagakure,3,,,301,B,3x3,3x3,,,,,,2000,Vacant Unrented Ready,,,,,,,,,,,,800 N Mill Rd Apt 301,,Vineyard,UT,US,84059,,,5/29/2022,,,,,,,,,,,1808
,,,,,,,,,,,,,,,,,,,,,,,,,,,,,,,,,,,,,,,,,,,,,
Iwagakure,3,,,301,C,3x3,3x3,,,,,,2000,Vacant Unrented Ready,,,,,,,,,,,,800 N Mill Rd Apt 301,,Vineyard,UT,US,84059,,,5/30/2022,,,,,,,,,,,1752
,,,,,,,,,,,,,,,,,,,,,,,,,,,,,,,,,,,,,,,,,,,,,
Iwagakure,3,,,302,A,3x3,3x3,,,,,,2000,Vacant Unrented Ready,,,,,,,,,,,,800 N Mill Rd Apt 302,,Vineyard,UT,US,84059,,,5/31/2022,,,,,,,,,,,924
,,,,,,,,,,,,,,,,,,,,,,,,,,,,,,,,,,,,,,,,,,,,,
Iwagakure,3,,,302,B,3x3,3x3,,,,,,2000,Vacant Unrented Ready,,,,,,,,,,,,800 N Mill Rd Apt 302,,Vineyard,UT,US,84059,,,6/1/2022,,,,,,,,,,,1657
,,,,,,,,,,,,,,,,,,,,,,,,,,,,,,,,,,,,,,,,,,,,,
Iwagakure,3,,,302,C,3x3,3x3,,,,,,2000,Vacant Unrented Ready,,,,,,,,,,,,800 N Mill Rd Apt 302,,Vineyard,UT,US,84059,,,6/2/2022,,,,,,,,,,,2344
,,,,,,,,,,,,,,,,,,,,,,,,,,,,,,,,,,,,,,,,,,,,,
Iwagakure,3,,,303,A,3x3,3x3,,,,,,2000,Vacant Unrented Ready,,,,,,,,,,,,800 N Mill Rd Apt 303,,Vineyard,UT,US,84059,,,6/3/2022,,,,,,,,,,,1731
,,,,,,,,,,,,,,,,,,,,,,,,,,,,,,,,,,,,,,,,,,,,,
Iwagakure,3,,,303,B,3x3,3x3,,,,,,2000,Vacant Unrented Ready,,,,,,,,,,,,800 N Mill Rd Apt 303,,Vineyard,UT,US,84059,,,6/4/2022,,,,,,,,,,,1312
,,,,,,,,,,,,,,,,,,,,,,,,,,,,,,,,,,,,,,,,,,,,,
Iwagakure,3,,,303,C,3x3,3x3,,,,,,2000,Vacant Unrented Ready,,,,,,,,,,,,800 N Mill Rd Apt 303,,Vineyard,UT,US,84059,,,6/5/2022,,,,,,,,,,,2186
,,,,,,,,,,,,,,,,,,,,,,,,,,,,,,,,,,,,,,,,,,,,,
Iwagakure,3,,,304,A,3x3,3x3,,,,,,2000,Vacant Unrented Ready,,,,,,,,,,,,800 N Mill Rd Apt 304,,Vineyard,UT,US,84059,,,6/6/2022,,,,,,,,,,,2434
,,,,,,,,,,,,,,,,,,,,,,,,,,,,,,,,,,,,,,,,,,,,,
Iwagakure,3,,,304,B,3x3,3x3,,,,,,2000,Vacant Unrented Ready,,,,,,,,,,,,800 N Mill Rd Apt 304,,Vineyard,UT,US,84059,,,6/7/2022,,,,,,,,,,,2329
,,,,,,,,,,,,,,,,,,,,,,,,,,,,,,,,,,,,,,,,,,,,,
Iwagakure,3,,,304,C,3x3,3x3,,,,,,2000,Vacant Unrented Ready,,,,,,,,,,,,800 N Mill Rd Apt 304,,Vineyard,UT,US,84059,,,6/8/2022,,,,,,,,,,,933
,,,,,,,,,,,,,,,,,,,,,,,,,,,,,,,,,,,,,,,,,,,,,
Iwagakure,3,,,305,A,3x3,3x3,,,,,,2000,Vacant Unrented Ready,,,,,,,,,,,,800 N Mill Rd Apt 305,,Vineyard,UT,US,84059,,,6/9/2022,,,,,,,,,,,598
,,,,,,,,,,,,,,,,,,,,,,,,,,,,,,,,,,,,,,,,,,,,,
Iwagakure,3,,,305,B,3x3,3x3,,,,,,2000,Vacant Unrented Ready,,,,,,,,,,,,800 N Mill Rd Apt 305,,Vineyard,UT,US,84059,,,6/10/2022,,,,,,,,,,,782
,,,,,,,,,,,,,,,,,,,,,,,,,,,,,,,,,,,,,,,,,,,,,
Iwagakure,3,,,305,C,3x3,3x3,,,,,,2000,Vacant Unrented Ready,,,,,,,,,,,,800 N Mill Rd Apt 305,,Vineyard,UT,US,84059,,,6/11/2022,,,,,,,,,,,2312
,,,,,,,,,,,,,,,,,,,,,,,,,,,,,,,,,,,,,,,,,,,,,
Iwagakure,3,,,306,A,3x3,3x3,,,,,,2000,Vacant Unrented Ready,,,,,,,,,,,,800 N Mill Rd Apt 306,,Vineyard,UT,US,84059,,,6/12/2022,,,,,,,,,,,2136
,,,,,,,,,,,,,,,,,,,,,,,,,,,,,,,,,,,,,,,,,,,,,
Iwagakure,3,,,306,B,3x3,3x3,,,,,,2000,Vacant Unrented Ready,,,,,,,,,,,,800 N Mill Rd Apt 306,,Vineyard,UT,US,84059,,,6/13/2022,,,,,,,,,,,1177
,,,,,,,,,,,,,,,,,,,,,,,,,,,,,,,,,,,,,,,,,,,,,
Iwagakure,3,,,306,C,3x3,3x3,,,,,,2000,Vacant Unrented Ready,,,,,,,,,,,,800 N Mill Rd Apt 306,,Vineyard,UT,US,84059,,,6/14/2022,,,,,,,,,,,1852
,,,,,,,,,,,,,,,,,,,,,,,,,,,,,,,,,,,,,,,,,,,,,
Iwagakure,3,,,307,A,3x3,3x3,,,,,,2000,Vacant Unrented Ready,,,,,,,,,,,,800 N Mill Rd Apt 307,,Vineyard,UT,US,84059,,,6/15/2022,,,,,,,,,,,1539
,,,,,,,,,,,,,,,,,,,,,,,,,,,,,,,,,,,,,,,,,,,,,
Iwagakure,3,,,307,B,3x3,3x3,,,,,,2000,Vacant Unrented Ready,,,,,,,,,,,,800 N Mill Rd Apt 307,,Vineyard,UT,US,84059,,,6/16/2022,,,,,,,,,,,726
,,,,,,,,,,,,,,,,,,,,,,,,,,,,,,,,,,,,,,,,,,,,,
Iwagakure,3,,,307,C,3x3,3x3,,,,,,2000,Vacant Unrented Ready,,,,,,,,,,,,800 N Mill Rd Apt 307,,Vineyard,UT,US,84059,,,6/17/2022,,,,,,,,,,,1565
,,,,,,,,,,,,,,,,,,,,,,,,,,,,,,,,,,,,,,,,,,,,,
Iwagakure,3,,,308,A,3x3,3x3,,,,,,2000,Vacant Unrented Ready,,,,,,,,,,,,800 N Mill Rd Apt 308,,Vineyard,UT,US,84059,,,6/18/2022,,,,,,,,,,,2281
,,,,,,,,,,,,,,,,,,,,,,,,,,,,,,,,,,,,,,,,,,,,,
Iwagakure,3,,,308,B,3x3,3x3,,,,,,2000,Vacant Unrented Ready,,,,,,,,,,,,800 N Mill Rd Apt 308,,Vineyard,UT,US,84059,,,6/19/2022,,,,,,,,,,,2424
,,,,,,,,,,,,,,,,,,,,,,,,,,,,,,,,,,,,,,,,,,,,,
Iwagakure,3,,,308,C,3x3,3x3,,,,,,2000,Vacant Unrented Ready,,,,,,,,,,,,800 N Mill Rd Apt 308,,Vineyard,UT,US,84059,,,6/20/2022,,,,,,,,,,,1180
,,,,,,,,,,,,,,,,,,,,,,,,,,,,,,,,,,,,,,,,,,,,,
Iwagakure,3,,,309,A,3x3,3x3,,,,,,2000,Vacant Unrented Ready,,,,,,,,,,,,800 N Mill Rd Apt 309,,Vineyard,UT,US,84059,,,6/21/2022,,,,,,,,,,,871
,,,,,,,,,,,,,,,,,,,,,,,,,,,,,,,,,,,,,,,,,,,,,
Iwagakure,3,,,309,B,3x3,3x3,,,,,,2000,Vacant Unrented Ready,,,,,,,,,,,,800 N Mill Rd Apt 309,,Vineyard,UT,US,84059,,,6/22/2022,,,,,,,,,,,905
,,,,,,,,,,,,,,,,,,,,,,,,,,,,,,,,,,,,,,,,,,,,,
Iwagakure,3,,,309,C,3x3,3x3,,,,,,2000,Vacant Unrented Ready,,,,,,,,,,,,800 N Mill Rd Apt 309,,Vineyard,UT,US,84059,,,6/23/2022,,,,,,,,,,,1350
,,,,,,,,,,,,,,,,,,,,,,,,,,,,,,,,,,,,,,,,,,,,,
Iwagakure,3,,,310,A,3x3,3x3,,,,,,2000,Vacant Unrented Ready,,,,,,,,,,,,800 N Mill Rd Apt 310,,Vineyard,UT,US,84059,,,6/24/2022,,,,,,,,,,,1265
,,,,,,,,,,,,,,,,,,,,,,,,,,,,,,,,,,,,,,,,,,,,,
Iwagakure,3,,,310,B,3x3,3x3,,,,,,2000,Vacant Unrented Ready,,,,,,,,,,,,800 N Mill Rd Apt 310,,Vineyard,UT,US,84059,,,6/25/2022,,,,,,,,,,,2017
,,,,,,,,,,,,,,,,,,,,,,,,,,,,,,,,,,,,,,,,,,,,,
Iwagakure,3,,,310,C,3x3,3x3,,,,,,2000,Vacant Unrented Ready,,,,,,,,,,,,800 N Mill Rd Apt 310,,Vineyard,UT,US,84059,,,6/26/2022,,,,,,,,,,,2229
,,,,,,,,,,,,,,,,,,,,,,,,,,,,,,,,,,,,,,,,,,,,,
Iwagakure,4,,,400,A1,1x1,1x1,,,,,,1000,Vacant Unrented Ready,,,,,,,,,,,,800 N Mill Rd Apt 400,,Vineyard,UT,US,84059,,,6/27/2022,,,,,,,,,,,791
,,,,,,,,,,,,,,,,,,,,,,,,,,,,,,,,,,,,,,,,,,,,,
Iwagakure,4,,,400,A2,1x1,1x1,,,,,,1000,Vacant Unrented Ready,,,,,,,,,,,,800 N Mill Rd Apt 400,,Vineyard,UT,US,84059,,,6/28/2022,,,,,,,,,,,2459
,,,,,,,,,,,,,,,,,,,,,,,,,,,,,,,,,,,,,,,,,,,,,
Iwagakure,4,,,401,A1,1x1,1x1,,,,,,1000,Occupied No Notice,,,,,,,,,,,,800 N Mill Rd Apt 401,,Vineyard,UT,US,84059,,,,,,,,8/15/2021,5/31/2022,,,,,2114
,,,,,,,,,,,,,,,,,,,,,,,,,,,,,,,,,,,,,,,,,,,,,
Iwagakure,4,,,401,A2,1x1,1x1,,,,,,1000,Occupied No Notice,,,,,,,,,,,,800 N Mill Rd Apt 401,,Vineyard,UT,US,84059,,,,,,,,8/15/2021,5/31/2022,,,,,1773
,,,,,,,,,,,,,,,,,,,,,,,,,,,,,,,,,,,,,,,,,,,,,
Iwagakure,4,,,402,A1,1x1,1x1,,,,,,1000,Occupied No Notice,,,,,,,,,,,,800 N Mill Rd Apt 402,,Vineyard,UT,US,84059,,,,,,,,8/15/2021,5/31/2022,,,,,606
,,,,,,,,,,,,,,,,,,,,,,,,,,,,,,,,,,,,,,,,,,,,,
Iwagakure,4,,,402,A2,1x1,1x1,,,,,,1000,Occupied No Notice,,,,,,,,,,,,800 N Mill Rd Apt 402,,Vineyard,UT,US,84059,,,,,,,,8/15/2021,5/31/2022,,,,,2194
,,,,,,,,,,,,,,,,,,,,,,,,,,,,,,,,,,,,,,,,,,,,,
Iwagakure,4,,,403,A1,1x1,1x1,,,,,,1000,Occupied No Notice,,,,,,,,,,,,800 N Mill Rd Apt 403,,Vineyard,UT,US,84059,,,,,,,,8/15/2021,5/31/2022,,,,,1492
,,,,,,,,,,,,,,,,,,,,,,,,,,,,,,,,,,,,,,,,,,,,,
Iwagakure,4,,,403,A2,1x1,1x1,,,,,,1000,Occupied No Notice,,,,,,,,,,,,800 N Mill Rd Apt 403,,Vineyard,UT,US,84059,,,,,,,,8/15/2021,5/31/2022,,,,,928
,,,,,,,,,,,,,,,,,,,,,,,,,,,,,,,,,,,,,,,,,,,,,
Iwagakure,4,,,404,A1,1x1,1x1,,,,,,1000,Occupied No Notice,,,,,,,,,,,,800 N Mill Rd Apt 404,,Vineyard,UT,US,84059,,,,,,,,8/15/2021,5/31/2022,,,,,586
,,,,,,,,,,,,,,,,,,,,,,,,,,,,,,,,,,,,,,,,,,,,,
Iwagakure,4,,,404,A2,1x1,1x1,,,,,,1000,Occupied No Notice,,,,,,,,,,,,800 N Mill Rd Apt 404,,Vineyard,UT,US,84059,,,,,,,,8/15/2021,5/31/2022,,,,,1743
,,,,,,,,,,,,,,,,,,,,,,,,,,,,,,,,,,,,,,,,,,,,,
Iwagakure,4,,,405,A1,1x1,1x1,,,,,,1000,Occupied No Notice,,,,,,,,,,,,800 N Mill Rd Apt 405,,Vineyard,UT,US,84059,,,,,,,,8/15/2021,5/31/2022,,,,,550
,,,,,,,,,,,,,,,,,,,,,,,,,,,,,,,,,,,,,,,,,,,,,
Iwagakure,4,,,405,A2,1x1,1x1,,,,,,1000,Occupied No Notice,,,,,,,,,,,,800 N Mill Rd Apt 405,,Vineyard,UT,US,84059,,,,,,,,8/15/2021,5/31/2022,,,,,2179
,,,,,,,,,,,,,,,,,,,,,,,,,,,,,,,,,,,,,,,,,,,,,
Iwagakure,4,,,406,A1,1x1,1x1,,,,,,1000,Occupied No Notice,,,,,,,,,,,,800 N Mill Rd Apt 406,,Vineyard,UT,US,84059,,,,,,,,8/15/2021,5/31/2022,,,,,527
,,,,,,,,,,,,,,,,,,,,,,,,,,,,,,,,,,,,,,,,,,,,,
Iwagakure,4,,,406,A2,1x1,1x1,,,,,,1000,Occupied No Notice,,,,,,,,,,,,800 N Mill Rd Apt 406,,Vineyard,UT,US,84059,,,,,,,,8/15/2021,5/31/2022,,,,,1722
,,,,,,,,,,,,,,,,,,,,,,,,,,,,,,,,,,,,,,,,,,,,,
Iwagakure,4,,,407,A1,1x1,1x1,,,,,,1000,Occupied No Notice,,,,,,,,,,,,800 N Mill Rd Apt 407,,Vineyard,UT,US,84059,,,,,,,,8/15/2021,5/31/2022,,,,,2276
,,,,,,,,,,,,,,,,,,,,,,,,,,,,,,,,,,,,,,,,,,,,,
Iwagakure,4,,,407,A2,1x1,1x1,,,,,,1000,Occupied No Notice,,,,,,,,,,,,800 N Mill Rd Apt 407,,Vineyard,UT,US,84059,,,,,,,,8/15/2021,5/31/2022,,,,,503
,,,,,,,,,,,,,,,,,,,,,,,,,,,,,,,,,,,,,,,,,,,,,
Iwagakure,4,,,408,A1,1x1,1x1,,,,,,1000,Occupied No Notice,,,,,,,,,,,,800 N Mill Rd Apt 408,,Vineyard,UT,US,84059,,,,,,,,8/15/2021,5/31/2022,,,,,1198
,,,,,,,,,,,,,,,,,,,,,,,,,,,,,,,,,,,,,,,,,,,,,
Iwagakure,4,,,408,A2,1x1,1x1,,,,,,1000,Occupied No Notice,,,,,,,,,,,,800 N Mill Rd Apt 408,,Vineyard,UT,US,84059,,,,,,,,8/15/2021,5/31/2022,,,,,663
,,,,,,,,,,,,,,,,,,,,,,,,,,,,,,,,,,,,,,,,,,,,,
Iwagakure,4,,,409,A1,1x1,1x1,,,,,,1000,Occupied No Notice,,,,,,,,,,,,800 N Mill Rd Apt 409,,Vineyard,UT,US,84059,,,,,,,,8/15/2021,5/31/2022,,,,,2121
,,,,,,,,,,,,,,,,,,,,,,,,,,,,,,,,,,,,,,,,,,,,,
Iwagakure,4,,,409,A2,1x1,1x1,,,,,,1000,Occupied No Notice,,,,,,,,,,,,800 N Mill Rd Apt 409,,Vineyard,UT,US,84059,,,,,,,,8/15/2021,5/31/2022,,,,,2243
,,,,,,,,,,,,,,,,,,,,,,,,,,,,,,,,,,,,,,,,,,,,,
Iwagakure,4,,,410,A1,1x1,1x1,,,,,,1000,Occupied No Notice,,,,,,,,,,,,800 N Mill Rd Apt 410,,Vineyard,UT,US,84059,,,,,,,,8/15/2021,5/31/2022,,,,,1567
,,,,,,,,,,,,,,,,,,,,,,,,,,,,,,,,,,,,,,,,,,,,,
Iwagakure,4,,,410,A2,1x1,1x1,,,,,,1000,Occupied No Notice,,,,,,,,,,,,800 N Mill Rd Apt 410,,Vineyard,UT,US,84059,,,,,,,,8/15/2021,5/31/2022,,,,,948
,,,,,,,,,,,,,,,,,,,,,,,,,,,,,,,,,,,,,,,,,,,,,
Iwagakure,5,,,500,A,2x2,2x2,,,,,,1500,Vacant Unrented Ready,,,,,,,,,,,,800 N Mill Rd Apt 500,,Vineyard,UT,US,84059,,,6/23/2022,,,,,,,,,,,2081
,,,,,,,,,,,,,,,,,,,,,,,,,,,,,,,,,,,,,,,,,,,,,
Iwagakure,5,,,500,B,2x2,2x2,,,,,,1500,Vacant Unrented Ready,,,,,,,,,,,,800 N Mill Rd Apt 500,,Vineyard,UT,US,84059,,,6/23/2022,,,,,,,,,,,737
,,,,,,,,,,,,,,,,,,,,,,,,,,,,,,,,,,,,,,,,,,,,,
Iwagakure,5,,,501,A,2x2,2x2,,,,,,1500,Occupied No Notice,,,,,,,,,,,,800 N Mill Rd Apt 501,,Vineyard,UT,US,84059,,,,,,,,8/15/2021,7/31/2022,,,,,888
,,,,,,,,,,,,,,,,,,,,,,,,,,,,,,,,,,,,,,,,,,,,,
Iwagakure,5,,,501,B,2x2,2x2,,,,,,1500,Vacant Unrented Ready,,,,,,,,,,,,800 N Mill Rd Apt 501,,Vineyard,UT,US,84059,,,6/23/2022,,,,,,,,,,,2478
,,,,,,,,,,,,,,,,,,,,,,,,,,,,,,,,,,,,,,,,,,,,,
Iwagakure,5,,,502,A,2x2,2x2,,,,,,1500,Occupied No Notice,,,,,,,,,,,,800 N Mill Rd Apt 502,,Vineyard,UT,US,84059,,,,,,,,8/15/2021,7/31/2022,,,,,1812
,,,,,,,,,,,,,,,,,,,,,,,,,,,,,,,,,,,,,,,,,,,,,
Iwagakure,5,,,502,B,2x2,2x2,,,,,,1500,Vacant Unrented Ready,,,,,,,,,,,,800 N Mill Rd Apt 502,,Vineyard,UT,US,84059,,,6/23/2022,,,,,,,,,,,1831
,,,,,,,,,,,,,,,,,,,,,,,,,,,,,,,,,,,,,,,,,,,,,
Iwagakure,5,,,503,A,2x2,2x2,,,,,,1500,Occupied No Notice,,,,,,,,,,,,800 N Mill Rd Apt 503,,Vineyard,UT,US,84059,,,,,,,,8/15/2021,7/31/2022,,,,,984
,,,,,,,,,,,,,,,,,,,,,,,,,,,,,,,,,,,,,,,,,,,,,
Iwagakure,5,,,503,B,2x2,2x2,,,,,,1500,Vacant Unrented Ready,,,,,,,,,,,,801 N Mill Rd Apt 503,,Vineyard,UT,US,84059,,,6/23/2022,,,,,,,,,,,877
,,,,,,,,,,,,,,,,,,,,,,,,,,,,,,,,,,,,,,,,,,,,,
Iwagakure,5,,,504,A,2x2,2x2,,,,,,1500,Occupied No Notice,,,,,,,,,,,,800 N Mill Rd Apt 504,,Vineyard,UT,US,84059,,,,,,,,8/15/2021,7/31/2022,,,,,2307
,,,,,,,,,,,,,,,,,,,,,,,,,,,,,,,,,,,,,,,,,,,,,
Iwagakure,5,,,504,B,2x2,2x2,,,,,,1500,Vacant Unrented Ready,,,,,,,,,,,,800 N Mill Rd Apt 504,,Vineyard,UT,US,84059,,,6/23/2022,,,,,,,,,,,2070
,,,,,,,,,,,,,,,,,,,,,,,,,,,,,,,,,,,,,,,,,,,,,
Iwagakure,5,,,505,A,2x2,2x2,,,,,,1500,Occupied No Notice,,,,,,,,,,,,800 N Mill Rd Apt 505,,Vineyard,UT,US,84059,,,,,,,,8/15/2021,7/31/2022,,,,,1053
,,,,,,,,,,,,,,,,,,,,,,,,,,,,,,,,,,,,,,,,,,,,,
Iwagakure,5,,,505,B,2x2,2x2,,,,,,1500,Vacant Unrented Ready,,,,,,,,,,,,801 N Mill Rd Apt 505,,Vineyard,UT,US,84059,,,6/23/2022,,,,,,,,,,,610
,,,,,,,,,,,,,,,,,,,,,,,,,,,,,,,,,,,,,,,,,,,,,
Iwagakure,5,,,506,A,2x2,2x2,,,,,,1500,Occupied No Notice,,,,,,,,,,,,800 N Mill Rd Apt 506,,Vineyard,UT,US,84059,,,,,,,,8/15/2021,7/31/2022,,,,,1995
,,,,,,,,,,,,,,,,,,,,,,,,,,,,,,,,,,,,,,,,,,,,,
Iwagakure,5,,,506,B,2x2,2x2,,,,,,1500,Vacant Unrented Ready,,,,,,,,,,,,800 N Mill Rd Apt 506,,Vineyard,UT,US,84059,,,6/23/2022,,,,,,,,,,,1312
,,,,,,,,,,,,,,,,,,,,,,,,,,,,,,,,,,,,,,,,,,,,,
Iwagakure,5,,,507,A,2x2,2x2,,,,,,1500,Occupied No Notice,,,,,,,,,,,,800 N Mill Rd Apt 507,,Vineyard,UT,US,84059,,,,,,,,8/15/2021,7/31/2022,,,,,1489
,,,,,,,,,,,,,,,,,,,,,,,,,,,,,,,,,,,,,,,,,,,,,
Iwagakure,5,,,507,B,2x2,2x2,,,,,,1500,Vacant Unrented Ready,,,,,,,,,,,,800 N Mill Rd Apt 507,,Vineyard,UT,US,84059,,,6/23/2022,,,,,,,,,,,1652
,,,,,,,,,,,,,,,,,,,,,,,,,,,,,,,,,,,,,,,,,,,,,
Iwagakure,5,,,508,A,2x2,2x2,,,,,,1500,Occupied No Notice,,,,,,,,,,,,800 N Mill Rd Apt 508,,Vineyard,UT,US,84059,,,,,,,,8/15/2021,7/31/2022,,,,,1380
,,,,,,,,,,,,,,,,,,,,,,,,,,,,,,,,,,,,,,,,,,,,,
Iwagakure,5,,,508,B,2x2,2x2,,,,,,1500,Vacant Unrented Ready,,,,,,,,,,,,800 N Mill Rd Apt 508,,Vineyard,UT,US,84059,,,6/23/2022,,,,,,,,,,,633
,,,,,,,,,,,,,,,,,,,,,,,,,,,,,,,,,,,,,,,,,,,,,
Iwagakure,5,,,509,A,4x4,4x4,,,,,,2500,Occupied No Notice,,,,,,,,,,,,800 N Mill Rd Apt 509,,Vineyard,UT,US,84059,,,,,,,,8/15/2021,7/31/2022,,,,,935
,,,,,,,,,,,,,,,,,,,,,,,,,,,,,,,,,,,,,,,,,,,,,
Iwagakure,5,,,509,B,4x4,4x4,,,,,,2500,Vacant Unrented Ready,,,,,,,,,,,,800 N Mill Rd Apt 509,,Vineyard,UT,US,84059,,,6/23/2022,,,,,,,,,,,2381
,,,,,,,,,,,,,,,,,,,,,,,,,,,,,,,,,,,,,,,,,,,,,
Iwagakure,5,,,509,C,4x4,4x4,,,,,,2500,Vacant Unrented Ready,,,,,,,,,,,,800 N Mill Rd Apt 509,,Vineyard,UT,US,84059,,,6/24/2022,,,,,,,,,,,831
,,,,,,,,,,,,,,,,,,,,,,,,,,,,,,,,,,,,,,,,,,,,,
Iwagakure,5,,,509,D,4x4,4x4,,,,,,2500,Vacant Unrented Ready,,,,,,,,,,,,800 N Mill Rd Apt 509,,Vineyard,UT,US,84059,,,6/25/2022,,,,,,,,,,,1288
,,,,,,,,,,,,,,,,,,,,,,,,,,,,,,,,,,,,,,,,,,,,,
Iwagakure,5,,,510,A,4x4,4x4,,,,,,2500,Occupied No Notice,,,,,,,,,,,,800 N Mill Rd Apt 510,,Vineyard,UT,US,84059,,,,,,,,8/15/2021,7/31/2022,,,,,2448
,,,,,,,,,,,,,,,,,,,,,,,,,,,,,,,,,,,,,,,,,,,,,
Iwagakure,5,,,510,B,4x4,4x4,,,,,,2500,Vacant Unrented Ready,,,,,,,,,,,,800 N Mill Rd Apt 510,,Vineyard,UT,US,84059,,,6/25/2022,,,,,,,,,,,1004
,,,,,,,,,,,,,,,,,,,,,,,,,,,,,,,,,,,,,,,,,,,,,
Iwagakure,5,,,510,C,4x4,4x4,,,,,,2500,Vacant Unrented Ready,,,,,,,,,,,,800 N Mill Rd Apt 510,,Vineyard,UT,US,84059,,,6/26/2022,,,,,,,,,,,651
,,,,,,,,,,,,,,,,,,,,,,,,,,,,,,,,,,,,,,,,,,,,,
Iwagakure,5,,,510,D,4x4,4x4,,,,,,2500,Vacant Unrented Ready,,,,,,,,,,,,800 N Mill Rd Apt 510,,Vineyard,UT,US,84059,,,6/27/2022,,,,,,,,,,,1599
,,,,,,,,,,,,,,,,,,,,,,,,,,,,,,,,,,,,,,,,,,,,,
Iwagakure,6,,,600,A,3x3,3x3,,,,,,2000,Vacant Unrented Ready,,,,,,,,,,,,800 N Mill Rd Apt 600,,Vineyard,UT,US,84059,,,6/28/2022,,,,,,,,,,,505
,,,,,,,,,,,,,,,,,,,,,,,,,,,,,,,,,,,,,,,,,,,,,
Iwagakure,6,,,600,B,3x3,3x3,,,,,,2000,Vacant Unrented Ready,,,,,,,,,,,,800 N Mill Rd Apt 600,,Vineyard,UT,US,84059,,,6/29/2022,,,,,,,,,,,1351
,,,,,,,,,,,,,,,,,,,,,,,,,,,,,,,,,,,,,,,,,,,,,
Iwagakure,6,,,600,C,3x3,3x3,,,,,,2000,Vacant Unrented Ready,,,,,,,,,,,,800 N Mill Rd Apt 600,,Vineyard,UT,US,84059,,,6/30/2022,,,,,,,,,,,1668
,,,,,,,,,,,,,,,,,,,,,,,,,,,,,,,,,,,,,,,,,,,,,
Iwagakure,6,,,601,A,3x3,3x3,,,,,,2000,Occupied No Notice,,,,,,,,,,,,800 N Mill Rd Apt 601,,Vineyard,UT,US,84059,,,,,,,,8/15/2021,7/31/2022,,,,,963
,,,,,,,,,,,,,,,,,,,,,,,,,,,,,,,,,,,,,,,,,,,,,
Iwagakure,6,,,601,B,3x3,3x3,,,,,,2000,Vacant Unrented Ready,,,,,,,,,,,,800 N Mill Rd Apt 601,,Vineyard,UT,US,84059,,,6/30/2022,,,,,,,,,,,2392
,,,,,,,,,,,,,,,,,,,,,,,,,,,,,,,,,,,,,,,,,,,,,
Iwagakure,6,,,601,C,3x3,3x3,,,,,,2000,Vacant Unrented Ready,,,,,,,,,,,,800 N Mill Rd Apt 601,,Vineyard,UT,US,84059,,,6/30/2022,,,,,,,,,,,1885
,,,,,,,,,,,,,,,,,,,,,,,,,,,,,,,,,,,,,,,,,,,,,
Iwagakure,6,,,602,A,3x3,3x3,,,,,,2000,Occupied No Notice,,,,,,,,,,,,800 N Mill Rd Apt 602,,Vineyard,UT,US,84059,,,,,,,,8/15/2021,7/31/2022,,,,,2124
,,,,,,,,,,,,,,,,,,,,,,,,,,,,,,,,,,,,,,,,,,,,,
Iwagakure,6,,,602,B,3x3,3x3,,,,,,2000,Vacant Unrented Ready,,,,,,,,,,,,800 N Mill Rd Apt 602,,Vineyard,UT,US,84059,,,6/30/2022,,,,,,,,,,,1767
,,,,,,,,,,,,,,,,,,,,,,,,,,,,,,,,,,,,,,,,,,,,,
Iwagakure,6,,,602,C,3x3,3x3,,,,,,2000,Vacant Unrented Ready,,,,,,,,,,,,800 N Mill Rd Apt 602,,Vineyard,UT,US,84059,,,6/30/2022,,,,,,,,,,,1429
,,,,,,,,,,,,,,,,,,,,,,,,,,,,,,,,,,,,,,,,,,,,,
Iwagakure,6,,,603,A,3x3,3x3,,,,,,2000,Occupied No Notice,,,,,,,,,,,,800 N Mill Rd Apt 603,,Vineyard,UT,US,84059,,,,,,,,8/15/2021,7/31/2022,,,,,2130
,,,,,,,,,,,,,,,,,,,,,,,,,,,,,,,,,,,,,,,,,,,,,
Iwagakure,6,,,603,B,3x3,3x3,,,,,,2000,Vacant Unrented Ready,,,,,,,,,,,,800 N Mill Rd Apt 603,,Vineyard,UT,US,84059,,,6/30/2022,,,,,,,,,,,2490
,,,,,,,,,,,,,,,,,,,,,,,,,,,,,,,,,,,,,,,,,,,,,
Iwagakure,6,,,603,C,3x3,3x3,,,,,,2000,Vacant Unrented Ready,,,,,,,,,,,,800 N Mill Rd Apt 603,,Vineyard,UT,US,84059,,,6/30/2022,,,,,,,,,,,1455
,,,,,,,,,,,,,,,,,,,,,,,,,,,,,,,,,,,,,,,,,,,,,
Iwagakure,6,,,604,A,3x3,3x3,,,,,,2000,Occupied No Notice,,,,,,,,,,,,800 N Mill Rd Apt 604,,Vineyard,UT,US,84059,,,,,,,,8/15/2021,7/31/2022,,,,,2328
,,,,,,,,,,,,,,,,,,,,,,,,,,,,,,,,,,,,,,,,,,,,,
Iwagakure,6,,,604,B,3x3,3x3,,,,,,2000,Vacant Unrented Ready,,,,,,,,,,,,800 N Mill Rd Apt 604,,Vineyard,UT,US,84059,,,6/30/2022,,,,,,,,,,,868
,,,,,,,,,,,,,,,,,,,,,,,,,,,,,,,,,,,,,,,,,,,,,
Iwagakure,6,,,604,C,3x3,3x3,,,,,,2000,Vacant Unrented Ready,,,,,,,,,,,,800 N Mill Rd Apt 604,,Vineyard,UT,US,84059,,,6/30/2022,,,,,,,,,,,1058
,,,,,,,,,,,,,,,,,,,,,,,,,,,,,,,,,,,,,,,,,,,,,
Iwagakure,6,,,605,A,3x3,3x3,,,,,,2000,Occupied No Notice,,,,,,,,,,,,800 N Mill Rd Apt 605,,Vineyard,UT,US,84059,,,,,,,,8/15/2021,7/31/2022,,,,,1015
,,,,,,,,,,,,,,,,,,,,,,,,,,,,,,,,,,,,,,,,,,,,,
Iwagakure,6,,,605,B,3x3,3x3,,,,,,2000,Vacant Unrented Ready,,,,,,,,,,,,800 N Mill Rd Apt 605,,Vineyard,UT,US,84059,,,6/30/2022,,,,,,,,,,,2183
,,,,,,,,,,,,,,,,,,,,,,,,,,,,,,,,,,,,,,,,,,,,,
Iwagakure,6,,,605,C,3x3,3x3,,,,,,2000,Vacant Unrented Ready,,,,,,,,,,,,800 N Mill Rd Apt 605,,Vineyard,UT,US,84059,,,6/30/2022,,,,,,,,,,,2135
,,,,,,,,,,,,,,,,,,,,,,,,,,,,,,,,,,,,,,,,,,,,,
Iwagakure,6,,,606,A,3x3,3x3,,,,,,2000,Occupied No Notice,,,,,,,,,,,,800 N Mill Rd Apt 606,,Vineyard,UT,US,84059,,,,,,,,8/15/2021,7/31/2022,,,,,1503
,,,,,,,,,,,,,,,,,,,,,,,,,,,,,,,,,,,,,,,,,,,,,
Iwagakure,6,,,606,B,3x3,3x3,,,,,,2000,Vacant Unrented Ready,,,,,,,,,,,,800 N Mill Rd Apt 606,,Vineyard,UT,US,84059,,,6/30/2022,,,,,,,,,,,1329
,,,,,,,,,,,,,,,,,,,,,,,,,,,,,,,,,,,,,,,,,,,,,
Iwagakure,6,,,606,C,3x3,3x3,,,,,,2000,Vacant Unrented Ready,,,,,,,,,,,,800 N Mill Rd Apt 606,,Vineyard,UT,US,84059,,,6/30/2022,,,,,,,,,,,953
,,,,,,,,,,,,,,,,,,,,,,,,,,,,,,,,,,,,,,,,,,,,,
Iwagakure,6,,,607,A,3x3,3x3,,,,,,2000,Occupied No Notice,,,,,,,,,,,,800 N Mill Rd Apt 607,,Vineyard,UT,US,84059,,,,,,,,8/15/2021,7/31/2022,,,,,759
,,,,,,,,,,,,,,,,,,,,,,,,,,,,,,,,,,,,,,,,,,,,,
Iwagakure,6,,,607,B,3x3,3x3,,,,,,2000,Vacant Unrented Ready,,,,,,,,,,,,800 N Mill Rd Apt 607,,Vineyard,UT,US,84059,,,6/30/2022,,,,,,,,,,,1319
,,,,,,,,,,,,,,,,,,,,,,,,,,,,,,,,,,,,,,,,,,,,,
Iwagakure,6,,,607,C,3x3,3x3,,,,,,2000,Vacant Unrented Ready,,,,,,,,,,,,800 N Mill Rd Apt 607,,Vineyard,UT,US,84059,,,6/30/2022,,,,,,,,,,,1214
,,,,,,,,,,,,,,,,,,,,,,,,,,,,,,,,,,,,,,,,,,,,,
Iwagakure,6,,,608,A,3x3,3x3,,,,,,2000,Occupied No Notice,,,,,,,,,,,,800 N Mill Rd Apt 608,,Vineyard,UT,US,84059,,,,,,,,8/15/2021,7/31/2022,,,,,1391
,,,,,,,,,,,,,,,,,,,,,,,,,,,,,,,,,,,,,,,,,,,,,
Iwagakure,6,,,608,B,3x3,3x3,,,,,,2000,Vacant Unrented Ready,,,,,,,,,,,,800 N Mill Rd Apt 608,,Vineyard,UT,US,84059,,,6/30/2022,,,,,,,,,,,2246
,,,,,,,,,,,,,,,,,,,,,,,,,,,,,,,,,,,,,,,,,,,,,
Iwagakure,6,,,608,C,3x3,3x3,,,,,,2000,Vacant Unrented Ready,,,,,,,,,,,,800 N Mill Rd Apt 608,,Vineyard,UT,US,84059,,,6/30/2022,,,,,,,,,,,1943
,,,,,,,,,,,,,,,,,,,,,,,,,,,,,,,,,,,,,,,,,,,,,
Iwagakure,6,,,609,A,3x3,3x3,,,,,,2000,Occupied No Notice,,,,,,,,,,,,800 N Mill Rd Apt 609,,Vineyard,UT,US,84059,,,,,,,,8/15/2021,7/31/2022,,,,,1339
,,,,,,,,,,,,,,,,,,,,,,,,,,,,,,,,,,,,,,,,,,,,,
Iwagakure,6,,,609,B,3x3,3x3,,,,,,2000,Vacant Unrented Ready,,,,,,,,,,,,800 N Mill Rd Apt 609,,Vineyard,UT,US,84059,,,6/30/2022,,,,,,,,,,,1056
,,,,,,,,,,,,,,,,,,,,,,,,,,,,,,,,,,,,,,,,,,,,,
Iwagakure,6,,,609,C,3x3,3x3,,,,,,2000,Vacant Unrented Ready,,,,,,,,,,,,800 N Mill Rd Apt 609,,Vineyard,UT,US,84059,,,6/30/2022,,,,,,,,,,,2362
,,,,,,,,,,,,,,,,,,,,,,,,,,,,,,,,,,,,,,,,,,,,,
Iwagakure,6,,,610,A,3x3,3x3,,,,,,2000,Occupied No Notice,,,,,,,,,,,,800 N Mill Rd Apt 610,,Vineyard,UT,US,84059,,,,,,,,8/15/2021,7/31/2022,,,,,1577
,,,,,,,,,,,,,,,,,,,,,,,,,,,,,,,,,,,,,,,,,,,,,
Iwagakure,6,,,610,B,3x3,3x3,,,,,,2000,Vacant Unrented Ready,,,,,,,,,,,,800 N Mill Rd Apt 610,,Vineyard,UT,US,84059,,,6/30/2022,,,,,,,,,,,596
,,,,,,,,,,,,,,,,,,,,,,,,,,,,,,,,,,,,,,,,,,,,,
Iwagakure,6,,,610,C,3x3,3x3,,,,,,2000,Vacant Unrented Ready,,,,,,,,,,,,800 N Mill Rd Apt 610,,Vineyard,UT,US,84059,,,7/1/2022,,,,,,,,,,,1795
,,,,,,,,,,,,,,,,,,,,,,,,,,,,,,,,,,,,,,,,,,,,,
Iwagakure,7,,,700,A,Studio,Studio,,,,,,500,Vacant Unrented Ready,,,,,,,,,,,,800 N Mill Rd Apt 700,,Vineyard,UT,US,84059,,,7/2/2022,,,,,,,,,,,2397
,,,,,,,,,,,,,,,,,,,,,,,,,,,,,,,,,,,,,,,,,,,,,
Iwagakure,7,,,701,A,Studio,Studio,,,,,,500,Occupied No Notice,,,,,,,,,,,,800 N Mill Rd Apt 701,,Vineyard,UT,US,84059,,,,,,,,8/15/2022,5/31/2023,,,,,895
,,,,,,,,,,,,,,,,,,,,,,,,,,,,,,,,,,,,,,,,,,,,,
Iwagakure,7,,,702,A,Studio,Studio,,,,,,500,Occupied No Notice,,,,,,,,,,,,800 N Mill Rd Apt 702,,Vineyard,UT,US,84059,,,,,,,,8/15/2022,5/31/2023,,,,,1633
,,,,,,,,,,,,,,,,,,,,,,,,,,,,,,,,,,,,,,,,,,,,,
Iwagakure,7,,,703,A,Studio,Studio,,,,,,500,Occupied No Notice,,,,,,,,,,,,800 N Mill Rd Apt 703,,Vineyard,UT,US,84059,,,,,,,,8/15/2022,5/31/2023,,,,,1427
,,,,,,,,,,,,,,,,,,,,,,,,,,,,,,,,,,,,,,,,,,,,,
Iwagakure,7,,,704,A,Studio,Studio,,,,,,500,Occupied No Notice,,,,,,,,,,,,800 N Mill Rd Apt 704,,Vineyard,UT,US,84059,,,,,,,,8/15/2022,5/31/2023,,,,,1464
,,,,,,,,,,,,,,,,,,,,,,,,,,,,,,,,,,,,,,,,,,,,,
Iwagakure,7,,,705,A,Studio,Studio,,,,,,500,Occupied No Notice,,,,,,,,,,,,800 N Mill Rd Apt 705,,Vineyard,UT,US,84059,,,,,,,,8/15/2022,5/31/2023,,,,,1675
,,,,,,,,,,,,,,,,,,,,,,,,,,,,,,,,,,,,,,,,,,,,,
Iwagakure,7,,,706,A,Studio,Studio,,,,,,500,Occupied No Notice,,,,,,,,,,,,800 N Mill Rd Apt 706,,Vineyard,UT,US,84059,,,,,,,,8/15/2022,5/31/2023,,,,,1125
,,,,,,,,,,,,,,,,,,,,,,,,,,,,,,,,,,,,,,,,,,,,,
Iwagakure,7,,,707,A,Studio,Studio,,,,,,500,Occupied No Notice,,,,,,,,,,,,800 N Mill Rd Apt 707,,Vineyard,UT,US,84059,,,,,,,,8/15/2022,5/31/2023,,,,,1386
,,,,,,,,,,,,,,,,,,,,,,,,,,,,,,,,,,,,,,,,,,,,,
Iwagakure,7,,,708,A,Studio,Studio,,,,,,500,Occupied No Notice,,,,,,,,,,,,800 N Mill Rd Apt 708,,Vineyard,UT,US,84059,,,,,,,,8/15/2022,5/31/2023,,,,,647
,,,,,,,,,,,,,,,,,,,,,,,,,,,,,,,,,,,,,,,,,,,,,
Iwagakure,7,,,709,A,Studio,Studio,,,,,,500,Occupied No Notice,,,,,,,,,,,,800 N Mill Rd Apt 709,,Vineyard,UT,US,84059,,,,,,,,8/15/2022,5/31/2023,,,,,1827
,,,,,,,,,,,,,,,,,,,,,,,,,,,,,,,,,,,,,,,,,,,,,
Iwagakure,7,,,710,A,Studio,Studio,,,,,,500,Occupied No Notice,,,,,,,,,,,,800 N Mill Rd Apt 710,,Vineyard,UT,US,84059,,,,,,,,8/15/2022,5/31/2023,,,,,531
,,,,,,,,,,,,,,,,,,,,,,,,,,,,,,,,,,,,,,,,,,,,,
Iwagakure,8,,,800,A,2x2,2x2,,,,,,1500,Vacant Unrented Ready,,,,,,,,,,,,800 N Mill Rd Apt 800,,Vineyard,UT,US,84059,,,7/2/2022,,,,,,,,,,,1382
,,,,,,,,,,,,,,,,,,,,,,,,,,,,,,,,,,,,,,,,,,,,,
Iwagakure,8,,,800,B,2x2,2x2,,,,,,1500,Vacant Unrented Ready,,,,,,,,,,,,800 N Mill Rd Apt 800,,Vineyard,UT,US,84059,,,7/2/2022,,,,,,,,,,,669
,,,,,,,,,,,,,,,,,,,,,,,,,,,,,,,,,,,,,,,,,,,,,
Iwagakure,8,,,801,A,2x2,2x2,,,,,,1500,Occupied No Notice,,,,,,,,,,,,800 N Mill Rd Apt 801,,Vineyard,UT,US,84059,,,,,,,,8/15/2022,5/31/2023,,,,,838
,,,,,,,,,,,,,,,,,,,,,,,,,,,,,,,,,,,,,,,,,,,,,
Iwagakure,8,,,801,B,2x2,2x2,,,,,,1500,Vacant Unrented Ready,,,,,,,,,,,,800 N Mill Rd Apt 801,,Vineyard,UT,US,84059,,,7/2/2022,,,,,,,,,,,1062
,,,,,,,,,,,,,,,,,,,,,,,,,,,,,,,,,,,,,,,,,,,,,
Iwagakure,8,,,802,A,2x2,2x2,,,,,,1500,Occupied No Notice,,,,,,,,,,,,800 N Mill Rd Apt 802,,Vineyard,UT,US,84059,,,,,,,,8/15/2022,5/31/2023,,,,,2397
,,,,,,,,,,,,,,,,,,,,,,,,,,,,,,,,,,,,,,,,,,,,,
Iwagakure,8,,,802,B,2x2,2x2,,,,,,1500,Vacant Unrented Ready,,,,,,,,,,,,800 N Mill Rd Apt 802,,Vineyard,UT,US,84059,,,7/2/2022,,,,,,,,,,,2120
,,,,,,,,,,,,,,,,,,,,,,,,,,,,,,,,,,,,,,,,,,,,,
Iwagakure,8,,,803,A,2x2,2x2,,,,,,1500,Occupied No Notice,,,,,,,,,,,,800 N Mill Rd Apt 803,,Vineyard,UT,US,84059,,,,,,,,8/15/2022,5/31/2023,,,,,1165
,,,,,,,,,,,,,,,,,,,,,,,,,,,,,,,,,,,,,,,,,,,,,
Iwagakure,8,,,803,B,2x2,2x2,,,,,,1500,Vacant Unrented Ready,,,,,,,,,,,,800 N Mill Rd Apt 803,,Vineyard,UT,US,84059,,,7/2/2022,,,,,,,,,,,914
,,,,,,,,,,,,,,,,,,,,,,,,,,,,,,,,,,,,,,,,,,,,,
Iwagakure,8,,,804,A,2x2,2x2,,,,,,1500,Occupied No Notice,,,,,,,,,,,,800 N Mill Rd Apt 804,,Vineyard,UT,US,84059,,,,,,,,8/15/2022,5/31/2023,,,,,1844
,,,,,,,,,,,,,,,,,,,,,,,,,,,,,,,,,,,,,,,,,,,,,
Iwagakure,8,,,804,B,2x2,2x2,,,,,,1500,Vacant Unrented Ready,,,,,,,,,,,,800 N Mill Rd Apt 804,,Vineyard,UT,US,84059,,,7/2/2022,,,,,,,,,,,1110
,,,,,,,,,,,,,,,,,,,,,,,,,,,,,,,,,,,,,,,,,,,,,
Iwagakure,8,,,805,A,2x2,2x2,,,,,,1500,Occupied No Notice,,,,,,,,,,,,800 N Mill Rd Apt 805,,Vineyard,UT,US,84059,,,,,,,,8/15/2022,5/31/2023,,,,,1947
,,,,,,,,,,,,,,,,,,,,,,,,,,,,,,,,,,,,,,,,,,,,,
Iwagakure,8,,,805,B,2x2,2x2,,,,,,1500,Vacant Unrented Ready,,,,,,,,,,,,800 N Mill Rd Apt 805,,Vineyard,UT,US,84059,,,7/2/2022,,,,,,,,,,,556
,,,,,,,,,,,,,,,,,,,,,,,,,,,,,,,,,,,,,,,,,,,,,
Iwagakure,8,,,806,A,2x2,2x2,,,,,,1500,Occupied No Notice,,,,,,,,,,,,800 N Mill Rd Apt 806,,Vineyard,UT,US,84059,,,,,,,,8/15/2022,5/31/2023,,,,,2177
,,,,,,,,,,,,,,,,,,,,,,,,,,,,,,,,,,,,,,,,,,,,,
Iwagakure,8,,,806,B,2x2,2x2,,,,,,1500,Vacant Unrented Ready,,,,,,,,,,,,800 N Mill Rd Apt 806,,Vineyard,UT,US,84059,,,7/2/2022,,,,,,,,,,,2019
,,,,,,,,,,,,,,,,,,,,,,,,,,,,,,,,,,,,,,,,,,,,,
Iwagakure,8,,,807,A,2x2,2x2,,,,,,1500,Occupied No Notice,,,,,,,,,,,,800 N Mill Rd Apt 807,,Vineyard,UT,US,84059,,,,,,,,8/15/2022,5/31/2023,,,,,1754
,,,,,,,,,,,,,,,,,,,,,,,,,,,,,,,,,,,,,,,,,,,,,
Iwagakure,8,,,807,B,2x2,2x2,,,,,,1500,Vacant Unrented Ready,,,,,,,,,,,,800 N Mill Rd Apt 807,,Vineyard,UT,US,84059,,,7/2/2022,,,,,,,,,,,1786
,,,,,,,,,,,,,,,,,,,,,,,,,,,,,,,,,,,,,,,,,,,,,
Iwagakure,8,,,808,A,2x2,2x2,,,,,,1500,Occupied No Notice,,,,,,,,,,,,800 N Mill Rd Apt 808,,Vineyard,UT,US,84059,,,,,,,,8/15/2022,5/31/2023,,,,,694
,,,,,,,,,,,,,,,,,,,,,,,,,,,,,,,,,,,,,,,,,,,,,
Iwagakure,8,,,808,B,2x2,2x2,,,,,,1500,Vacant Unrented Ready,,,,,,,,,,,,800 N Mill Rd Apt 808,,Vineyard,UT,US,84059,,,7/2/2022,,,,,,,,,,,613
,,,,,,,,,,,,,,,,,,,,,,,,,,,,,,,,,,,,,,,,,,,,,
Iwagakure,8,,,809,A,4x4,4x4,,,,,,2500,Occupied No Notice,,,,,,,,,,,,800 N Mill Rd Apt 809,,Vineyard,UT,US,84059,,,,,,,,8/15/2021,7/31/2022,,,,,1840
,,,,,,,,,,,,,,,,,,,,,,,,,,,,,,,,,,,,,,,,,,,,,
Iwagakure,8,,,809,C,4x4,4x4,,,,,,2500,Vacant Unrented Ready,,,,,,,,,,,,800 N Mill Rd Apt 809,,Vineyard,UT,US,84059,,,7/2/2022,,,,,,,,,,,2450
,,,,,,,,,,,,,,,,,,,,,,,,,,,,,,,,,,,,,,,,,,,,,
Iwagakure,8,,,809,D,4x4,4x4,,,,,,2500,Vacant Unrented Ready,,,,,,,,,,,,800 N Mill Rd Apt 809,,Vineyard,UT,US,84059,,,7/2/2022,,,,,,,,,,,2183
,,,,,,,,,,,,,,,,,,,,,,,,,,,,,,,,,,,,,,,,,,,,,
Iwagakure,8,,,809,B,4x4,4x4,,,,,,2500,Vacant Unrented Ready,,,,,,,,,,,,800 N Mill Rd Apt 809,,Vineyard,UT,US,84059,,,7/2/2022,,,,,,,,,,,1741
,,,,,,,,,,,,,,,,,,,,,,,,,,,,,,,,,,,,,,,,,,,,,
Iwagakure,8,,,810,A,4x4,4x4,,,,,,2500,Occupied No Notice,,,,,,,,,,,,800 N Mill Rd Apt 810,,Vineyard,UT,US,84059,,,,,,,,8/15/2021,7/31/2022,,,,,1793
,,,,,,,,,,,,,,,,,,,,,,,,,,,,,,,,,,,,,,,,,,,,,
Iwagakure,8,,,810,B,4x4,4x4,,,,,,2500,Occupied No Notice,,,,,,,,,,,,800 N Mill Rd Apt 810,,Vineyard,UT,US,84059,,,,,,,,8/15/2021,7/31/2022,,,,,1466
,,,,,,,,,,,,,,,,,,,,,,,,,,,,,,,,,,,,,,,,,,,,,
Iwagakure,8,,,810,C,4x4,4x4,,,,,,2500,Occupied No Notice,,,,,,,,,,,,800 N Mill Rd Apt 810,,Vineyard,UT,US,84059,,,,,,,,8/15/2021,7/31/2022,,,,,2207
,,,,,,,,,,,,,,,,,,,,,,,,,,,,,,,,,,,,,,,,,,,,,
Iwagakure,8,,,810,D,4x4,4x4,,,,,,2500,Occupied No Notice,,,,,,,,,,,,800 N Mill Rd Apt 810,,Vineyard,UT,US,84059,,,,,,,,8/15/2021,7/31/2022,,,,,520
,,,,,,,,,,,,,,,,,,,,,,,,,,,,,,,,,,,,,,,,,,,,,
Iwagakure,9,,,900,A,3x3,3x3,,,,,,2000,Vacant Unrented Ready,,,,,,,,,,,,800 N Mill Rd Apt 900,,Vineyard,UT,US,84059,,,7/2/2022,,,,,,,,,,,1814
,,,,,,,,,,,,,,,,,,,,,,,,,,,,,,,,,,,,,,,,,,,,,
Iwagakure,9,,,900,B,3x3,3x3,,,,,,2000,Vacant Unrented Ready,,,,,,,,,,,,800 N Mill Rd Apt 900,,Vineyard,UT,US,84059,,,7/2/2022,,,,,,,,,,,969
,,,,,,,,,,,,,,,,,,,,,,,,,,,,,,,,,,,,,,,,,,,,,
Iwagakure,9,,,900,C,3x3,3x3,,,,,,2000,Vacant Unrented Ready,,,,,,,,,,,,800 N Mill Rd Apt 900,,Vineyard,UT,US,84059,,,7/2/2022,,,,,,,,,,,1799
,,,,,,,,,,,,,,,,,,,,,,,,,,,,,,,,,,,,,,,,,,,,,
Iwagakure,9,,,901,A,3x3,3x3,,,,,,2000,Occupied No Notice,,,,,,,,,,,,800 N Mill Rd Apt 901,,Vineyard,UT,US,84059,,,,,,,,8/15/2021,7/31/2022,,,,,1334
,,,,,,,,,,,,,,,,,,,,,,,,,,,,,,,,,,,,,,,,,,,,,
Iwagakure,9,,,901,B,3x3,3x3,,,,,,2000,Vacant Unrented Ready,,,,,,,,,,,,800 N Mill Rd Apt 901,,Vineyard,UT,US,84059,,,7/2/2022,,,,,,,,,,,1633
,,,,,,,,,,,,,,,,,,,,,,,,,,,,,,,,,,,,,,,,,,,,,
Iwagakure,9,,,901,C,3x3,3x3,,,,,,2000,Vacant Unrented Ready,,,,,,,,,,,,800 N Mill Rd Apt 901,,Vineyard,UT,US,84059,,,7/2/2022,,,,,,,,,,,1590
,,,,,,,,,,,,,,,,,,,,,,,,,,,,,,,,,,,,,,,,,,,,,
Iwagakure,9,,,902,A,3x3,3x3,,,,,,2000,Occupied No Notice,,,,,,,,,,,,800 N Mill Rd Apt 902,,Vineyard,UT,US,84059,,,,,,,,8/15/2021,7/31/2022,,,,,1342
,,,,,,,,,,,,,,,,,,,,,,,,,,,,,,,,,,,,,,,,,,,,,
Iwagakure,9,,,902,B,3x3,3x3,,,,,,2000,Vacant Unrented Ready,,,,,,,,,,,,800 N Mill Rd Apt 902,,Vineyard,UT,US,84059,,,7/2/2022,,,,,,,,,,,1933
,,,,,,,,,,,,,,,,,,,,,,,,,,,,,,,,,,,,,,,,,,,,,
Iwagakure,9,,,902,C,3x3,3x3,,,,,,2000,Vacant Unrented Ready,,,,,,,,,,,,800 N Mill Rd Apt 902,,Vineyard,UT,US,84059,,,7/2/2022,,,,,,,,,,,1914
,,,,,,,,,,,,,,,,,,,,,,,,,,,,,,,,,,,,,,,,,,,,,
Iwagakure,9,,,903,A,3x3,3x3,,,,,,2000,Occupied No Notice,,,,,,,,,,,,800 N Mill Rd Apt 903,,Vineyard,UT,US,84059,,,,,,,,8/15/2021,7/31/2022,,,,,2439
,,,,,,,,,,,,,,,,,,,,,,,,,,,,,,,,,,,,,,,,,,,,,
Iwagakure,9,,,903,B,3x3,3x3,,,,,,2000,Vacant Unrented Ready,,,,,,,,,,,,800 N Mill Rd Apt 903,,Vineyard,UT,US,84059,,,7/2/2022,,,,,,,,,,,1471
,,,,,,,,,,,,,,,,,,,,,,,,,,,,,,,,,,,,,,,,,,,,,
Iwagakure,9,,,903,C,3x3,3x3,,,,,,2000,Vacant Unrented Ready,,,,,,,,,,,,800 N Mill Rd Apt 903,,Vineyard,UT,US,84059,,,7/2/2022,,,,,,,,,,,2309
,,,,,,,,,,,,,,,,,,,,,,,,,,,,,,,,,,,,,,,,,,,,,
Iwagakure,9,,,904,A,3x3,3x3,,,,,,2000,Occupied No Notice,,,,,,,,,,,,800 N Mill Rd Apt 904,,Vineyard,UT,US,84059,,,,,,,,8/15/2021,7/31/2022,,,,,687
,,,,,,,,,,,,,,,,,,,,,,,,,,,,,,,,,,,,,,,,,,,,,
Iwagakure,9,,,904,B,3x3,3x3,,,,,,2000,Vacant Unrented Ready,,,,,,,,,,,,800 N Mill Rd Apt 904,,Vineyard,UT,US,84059,,,7/2/2022,,,,,,,,,,,2337
,,,,,,,,,,,,,,,,,,,,,,,,,,,,,,,,,,,,,,,,,,,,,
Iwagakure,9,,,904,C,3x3,3x3,,,,,,2000,Vacant Unrented Ready,,,,,,,,,,,,800 N Mill Rd Apt 904,,Vineyard,UT,US,84059,,,7/2/2022,,,,,,,,,,,2404
,,,,,,,,,,,,,,,,,,,,,,,,,,,,,,,,,,,,,,,,,,,,,
Iwagakure,9,,,905,A,3x3,3x3,,,,,,2000,Occupied No Notice,,,,,,,,,,,,800 N Mill Rd Apt 905,,Vineyard,UT,US,84059,,,,,,,,8/15/2021,7/31/2022,,,,,1264
,,,,,,,,,,,,,,,,,,,,,,,,,,,,,,,,,,,,,,,,,,,,,
Iwagakure,9,,,905,B,3x3,3x3,,,,,,2000,Vacant Unrented Ready,,,,,,,,,,,,800 N Mill Rd Apt 905,,Vineyard,UT,US,84059,,,7/2/2022,,,,,,,,,,,1037
,,,,,,,,,,,,,,,,,,,,,,,,,,,,,,,,,,,,,,,,,,,,,
Iwagakure,9,,,905,C,3x3,3x3,,,,,,2000,Vacant Unrented Ready,,,,,,,,,,,,800 N Mill Rd Apt 905,,Vineyard,UT,US,84059,,,7/2/2022,,,,,,,,,,,2366
,,,,,,,,,,,,,,,,,,,,,,,,,,,,,,,,,,,,,,,,,,,,,
Iwagakure,9,,,906,A,3x3,3x3,,,,,,2000,Occupied No Notice,,,,,,,,,,,,800 N Mill Rd Apt 906,,Vineyard,UT,US,84059,,,,,,,,8/15/2021,7/31/2022,,,,,1775
,,,,,,,,,,,,,,,,,,,,,,,,,,,,,,,,,,,,,,,,,,,,,
Iwagakure,9,,,906,B,3x3,3x3,,,,,,2000,Vacant Unrented Ready,,,,,,,,,,,,800 N Mill Rd Apt 906,,Vineyard,UT,US,84059,,,7/2/2022,,,,,,,,,,,1491
,,,,,,,,,,,,,,,,,,,,,,,,,,,,,,,,,,,,,,,,,,,,,
Iwagakure,9,,,906,C,3x3,3x3,,,,,,2000,Vacant Unrented Ready,,,,,,,,,,,,800 N Mill Rd Apt 906,,Vineyard,UT,US,84059,,,7/2/2022,,,,,,,,,,,2397
,,,,,,,,,,,,,,,,,,,,,,,,,,,,,,,,,,,,,,,,,,,,,
Iwagakure,9,,,907,A,3x3,3x3,,,,,,2000,Occupied No Notice,,,,,,,,,,,,800 N Mill Rd Apt 907,,Vineyard,UT,US,84059,,,,,,,,8/15/2021,7/31/2022,,,,,1787
,,,,,,,,,,,,,,,,,,,,,,,,,,,,,,,,,,,,,,,,,,,,,
Iwagakure,9,,,907,B,3x3,3x3,,,,,,2000,Vacant Unrented Ready,,,,,,,,,,,,800 N Mill Rd Apt 907,,Vineyard,UT,US,84059,,,7/2/2022,,,,,,,,,,,2374
,,,,,,,,,,,,,,,,,,,,,,,,,,,,,,,,,,,,,,,,,,,,,
Iwagakure,9,,,907,C,3x3,3x3,,,,,,2000,Vacant Unrented Ready,,,,,,,,,,,,800 N Mill Rd Apt 907,,Vineyard,UT,US,84059,,,7/2/2022,,,,,,,,,,,1997
,,,,,,,,,,,,,,,,,,,,,,,,,,,,,,,,,,,,,,,,,,,,,
Iwagakure,9,,,908,A,3x3,3x3,,,,,,2000,Occupied No Notice,,,,,,,,,,,,800 N Mill Rd Apt 908,,Vineyard,UT,US,84059,,,,,,,,8/15/2021,7/31/2022,,,,,2135
,,,,,,,,,,,,,,,,,,,,,,,,,,,,,,,,,,,,,,,,,,,,,
Iwagakure,9,,,908,B,3x3,3x3,,,,,,2000,Vacant Unrented Ready,,,,,,,,,,,,800 N Mill Rd Apt 908,,Vineyard,UT,US,84059,,,7/2/2022,,,,,,,,,,,1863
,,,,,,,,,,,,,,,,,,,,,,,,,,,,,,,,,,,,,,,,,,,,,
Iwagakure,9,,,908,C,3x3,3x3,,,,,,2000,Vacant Unrented Ready,,,,,,,,,,,,800 N Mill Rd Apt 908,,Vineyard,UT,US,84059,,,7/2/2022,,,,,,,,,,,1051
,,,,,,,,,,,,,,,,,,,,,,,,,,,,,,,,,,,,,,,,,,,,,
Iwagakure,9,,,909,A,3x3,3x3,,,,,,2000,Occupied No Notice,,,,,,,,,,,,800 N Mill Rd Apt 909,,Vineyard,UT,US,84059,,,,,,,,8/15/2021,7/31/2022,,,,,1488
,,,,,,,,,,,,,,,,,,,,,,,,,,,,,,,,,,,,,,,,,,,,,
Iwagakure,9,,,909,B,3x3,3x3,,,,,,2000,Vacant Unrented Ready,,,,,,,,,,,,800 N Mill Rd Apt 909,,Vineyard,UT,US,84059,,,7/2/2022,,,,,,,,,,,1222
,,,,,,,,,,,,,,,,,,,,,,,,,,,,,,,,,,,,,,,,,,,,,
Iwagakure,9,,,909,C,3x3,3x3,,,,,,2000,Vacant Unrented Ready,,,,,,,,,,,,800 N Mill Rd Apt 909,,Vineyard,UT,US,84059,,,7/2/2022,,,,,,,,,,,2266
,,,,,,,,,,,,,,,,,,,,,,,,,,,,,,,,,,,,,,,,,,,,,
Iwagakure,9,,,910,A,3x3,3x3,,,,,,2000,Occupied No Notice,,,,,,,,,,,,800 N Mill Rd Apt 910,,Vineyard,UT,US,84059,,,,,,,,8/15/2021,7/31/2022,,,,,2041
,,,,,,,,,,,,,,,,,,,,,,,,,,,,,,,,,,,,,,,,,,,,,
Iwagakure,9,,,910,B,3x3,3x3,,,,,,2000,Vacant Unrented Ready,,,,,,,,,,,,800 N Mill Rd Apt 910,,Vineyard,UT,US,84059,,,7/2/2022,,,,,,,,,,,923
,,,,,,,,,,,,,,,,,,,,,,,,,,,,,,,,,,,,,,,,,,,,,
Iwagakure,9,,,910,C,3x3,3x3,,,,,,2000,Vacant Unrented Ready,,,,,,,,,,,,800 N Mill Rd Apt 910,,Vineyard,UT,US,84059,,,7/2/2022,,,,,,,,,,,2424
,,,,,,,,,,,,,,,,,,,,,,,,,,,,,,,,,,,,,,,,,,,,,
Iwagakure,,,,,,1x1,1x1,,,,,,,,,,,,,,,,,,,,,,,,,,,,,,,,,,,,,,
,,,,,,,,,,,,,,,,,,,,,,,,,,,,,,,,,,,,,,,,,,,,,
Iwagakure,,,,,,1x1,1x1,,,,,,,,,,,,,,,,,,,,,,,,,,,,,,,,,,,,,,
,,,,,,,,,,,,,,,,,,,,,,,,,,,,,,,,,,,,,,,,,,,,,
Iwagakure,,,,,,1x1,1x1,,,,,,,,,,,,,,,,,,,,,,,,,,,,,,,,,,,,,,
,,,,,,,,,,,,,,,,,,,,,,,,,,,,,,,,,,,,,,,,,,,,,
Iwagakure,,,,,,1x1,1x1,,,,,,,,,,,,,,,,,,,,,,,,,,,,,,,,,,,,,,
,,,,,,,,,,,,,,,,,,,,,,,,,,,,,,,,,,,,,,,,,,,,,
Iwagakure,,,,,,1x1,1x2,,,,,,,,,,,,,,,,,,,,,,,,,,,,,,,,,,,,,,
,,,,,,,,,,,,,,,,,,,,,,,,,,,,,,,,,,,,,,,,,,,,,
Iwagakure,,,,,,1x1,1x1,,,,,,,,,,,,,,,,,,,,,,,,,,,,,,,,,,,,,,
,,,,,,,,,,,,,,,,,,,,,,,,,,,,,,,,,,,,,,,,,,,,,
Iwagakure,,,,,,1x1,1x1,,,,,,,,,,,,,,,,,,,,,,,,,,,,,,,,,,,,,,
,,,,,,,,,,,,,,,,,,,,,,,,,,,,,,,,,,,,,,,,,,,,,
Iwagakure,,,,,,1x1,1x1,,,,,,,,,,,,,,,,,,,,,,,,,,,,,,,,,,,,,,
,,,,,,,,,,,,,,,,,,,,,,,,,,,,,,,,,,,,,,,,,,,,,
Iwagakure,,,,,,1x1,1x1,,,,,,,,,,,,,,,,,,,,,,,,,,,,,,,,,,,,,,
,,,,,,,,,,,,,,,,,,,,,,,,,,,,,,,,,,,,,,,,,,,,,
Iwagakure,,,,,,1x1,1x1,,,,,,,,,,,,,,,,,,,,,,,,,,,,,,,,,,,,,,
,,,,,,,,,,,,,,,,,,,,,,,,,,,,,,,,,,,,,,,,,,,,,
Iwagakure,,,,,,1x1,1x1,,,,,,,,,,,,,,,,,,,,,,,,,,,,,,,,,,,,,,
,,,,,,,,,,,,,,,,,,,,,,,,,,,,,,,,,,,,,,,,,,,,,
Iwagakure,,,,,,2x2,2x2,,,,,,,,,,,,,,,,,,,,,,,,,,,,,,,,,,,,,,
,,,,,,,,,,,,,,,,,,,,,,,,,,,,,,,,,,,,,,,,,,,,,
Iwagakure,,,,,,2x2,2x2,,,,,,,,,,,,,,,,,,,,,,,,,,,,,,,,,,,,,,
,,,,,,,,,,,,,,,,,,,,,,,,,,,,,,,,,,,,,,,,,,,,,
Iwagakure,,,,,,2x2,2x2,,,,,,,,,,,,,,,,,,,,,,,,,,,,,,,,,,,,,,
,,,,,,,,,,,,,,,,,,,,,,,,,,,,,,,,,,,,,,,,,,,,,
Iwagakure,,,,,,2x2,2x2,,,,,,,,,,,,,,,,,,,,,,,,,,,,,,,,,,,,,,
,,,,,,,,,,,,,,,,,,,,,,,,,,,,,,,,,,,,,,,,,,,,,
Iwagakure,,,,,,2x2,2x2,,,,,,,,,,,,,,,,,,,,,,,,,,,,,,,,,,,,,,
,,,,,,,,,,,,,,,,,,,,,,,,,,,,,,,,,,,,,,,,,,,,,
Iwagakure,,,,,,2x2,2x2,,,,,,,,,,,,,,,,,,,,,,,,,,,,,,,,,,,,,,
,,,,,,,,,,,,,,,,,,,,,,,,,,,,,,,,,,,,,,,,,,,,,
Iwagakure,,,,,,2x2,2x2,,,,,,,,,,,,,,,,,,,,,,,,,,,,,,,,,,,,,,
,,,,,,,,,,,,,,,,,,,,,,,,,,,,,,,,,,,,,,,,,,,,,
Iwagakure,,,,,,2x2,2x2,,,,,,,,,,,,,,,,,,,,,,,,,,,,,,,,,,,,,,
,,,,,,,,,,,,,,,,,,,,,,,,,,,,,,,,,,,,,,,,,,,,,
Iwagakure,,,,,,2x2,2x2,,,,,,,,,,,,,,,,,,,,,,,,,,,,,,,,,,,,,,
,,,,,,,,,,,,,,,,,,,,,,,,,,,,,,,,,,,,,,,,,,,,,
Iwagakure,,,,,,2x2,2x2,,,,,,,,,,,,,,,,,,,,,,,,,,,,,,,,,,,,,,
,,,,,,,,,,,,,,,,,,,,,,,,,,,,,,,,,,,,,,,,,,,,,
Iwagakure,,,,,,2x2,2x2,,,,,,,,,,,,,,,,,,,,,,,,,,,,,,,,,,,,,,
,,,,,,,,,,,,,,,,,,,,,,,,,,,,,,,,,,,,,,,,,,,,,
Iwagakure,,,,,,2x2,2x2,,,,,,,,,,,,,,,,,,,,,,,,,,,,,,,,,,,,,,
,,,,,,,,,,,,,,,,,,,,,,,,,,,,,,,,,,,,,,,,,,,,,
Iwagakure,,,,,,2x2,2x2,,,,,,,,,,,,,,,,,,,,,,,,,,,,,,,,,,,,,,
,,,,,,,,,,,,,,,,,,,,,,,,,,,,,,,,,,,,,,,,,,,,,
Iwagakure,,,,,,3x3,3x3,,,,,,,,,,,,,,,,,,,,,,,,,,,,,,,,,,,,,,
,,,,,,,,,,,,,,,,,,,,,,,,,,,,,,,,,,,,,,,,,,,,,
Iwagakure,,,,,,3x3,3x3,,,,,,,,,,,,,,,,,,,,,,,,,,,,,,,,,,,,,,
,,,,,,,,,,,,,,,,,,,,,,,,,,,,,,,,,,,,,,,,,,,,,
Iwagakure,,,,,,3x3,3x3,,,,,,,,,,,,,,,,,,,,,,,,,,,,,,,,,,,,,,
,,,,,,,,,,,,,,,,,,,,,,,,,,,,,,,,,,,,,,,,,,,,,
Iwagakure,,,,,,3x3,3x3,,,,,,,,,,,,,,,,,,,,,,,,,,,,,,,,,,,,,,
,,,,,,,,,,,,,,,,,,,,,,,,,,,,,,,,,,,,,,,,,,,,,
Iwagakure,,,,,,3x3,3x3,,,,,,,,,,,,,,,,,,,,,,,,,,,,,,,,,,,,,,
,,,,,,,,,,,,,,,,,,,,,,,,,,,,,,,,,,,,,,,,,,,,,
Iwagakure,,,,,,3x3,3x3,,,,,,,,,,,,,,,,,,,,,,,,,,,,,,,,,,,,,,
,,,,,,,,,,,,,,,,,,,,,,,,,,,,,,,,,,,,,,,,,,,,,
Iwagakure,,,,,,3x3,3x3,,,,,,,,,,,,,,,,,,,,,,,,,,,,,,,,,,,,,,
,,,,,,,,,,,,,,,,,,,,,,,,,,,,,,,,,,,,,,,,,,,,,
Iwagakure,,,,,,3x3,3x3,,,,,,,,,,,,,,,,,,,,,,,,,,,,,,,,,,,,,,
,,,,,,,,,,,,,,,,,,,,,,,,,,,,,,,,,,,,,,,,,,,,,
Iwagakure,,,,,,3x3,3x3,,,,,,,,,,,,,,,,,,,,,,,,,,,,,,,,,,,,,,
,,,,,,,,,,,,,,,,,,,,,,,,,,,,,,,,,,,,,,,,,,,,,
Iwagakure,,,,,,3x3,3x3,,,,,,,,,,,,,,,,,,,,,,,,,,,,,,,,,,,,,,
,,,,,,,,,,,,,,,,,,,,,,,,,,,,,,,,,,,,,,,,,,,,,
Iwagakure,,,,,,4x4,4x4,,,,,,,,,,,,,,,,,,,,,,,,,,,,,,,,,,,,,,
,,,,,,,,,,,,,,,,,,,,,,,,,,,,,,,,,,,,,,,,,,,,,
Iwagakure,,,,,,4x4,4x4,,,,,,,,,,,,,,,,,,,,,,,,,,,,,,,,,,,,,,
,,,,,,,,,,,,,,,,,,,,,,,,,,,,,,,,,,,,,,,,,,,,,
Iwagakure,,,,,,4x4,4x4,,,,,,,,,,,,,,,,,,,,,,,,,,,,,,,,,,,,,,
,,,,,,,,,,,,,,,,,,,,,,,,,,,,,,,,,,,,,,,,,,,,,
Iwagakure,,,,,,4x4,4x4,,,,,,,,,,,,,,,,,,,,,,,,,,,,,,,,,,,,,,
,,,,,,,,,,,,,,,,,,,,,,,,,,,,,,,,,,,,,,,,,,,,,
Iwagakure,,,,,,4x4,4x4,,,,,,,,,,,,,,,,,,,,,,,,,,,,,,,,,,,,,,
,,,,,,,,,,,,,,,,,,,,,,,,,,,,,,,,,,,,,,,,,,,,,
Iwagakure,,,,,,4x4,4x4,,,,,,,,,,,,,,,,,,,,,,,,,,,,,,,,,,,,,,
,,,,,,,,,,,,,,,,,,,,,,,,,,,,,,,,,,,,,,,,,,,,,
Iwagakure,,,,,,4x4,4x4,,,,,,,,,,,,,,,,,,,,,,,,,,,,,,,,,,,,,,
,,,,,,,,,,,,,,,,,,,,,,,,,,,,,,,,,,,,,,,,,,,,,
Iwagakure,,,,,,4x4,4x4,,,,,,,,,,,,,,,,,,,,,,,,,,,,,,,,,,,,,,
,,,,,,,,,,,,,,,,,,,,,,,,,,,,,,,,,,,,,,,,,,,,,
Iwagakure,,,,,,4x4,4x4,,,,,,,,,,,,,,,,,,,,,,,,,,,,,,,,,,,,,,
,,,,,,,,,,,,,,,,,,,,,,,,,,,,,,,,,,,,,,,,,,,,,
Iwagakure,,,,,,3x3,3x3,,,,,,,,,,,,,,,,,,,,,,,,,,,,,,,,,,,,,,
,,,,,,,,,,,,,,,,,,,,,,,,,,,,,,,,,,,,,,,,,,,,,
Iwagakure,,,,,,3x3,3x3,,,,,,,,,,,,,,,,,,,,,,,,,,,,,,,,,,,,,,
,,,,,,,,,,,,,,,,,,,,,,,,,,,,,,,,,,,,,,,,,,,,,
Iwagakure,,,,,,1x1,1x1,,,,,,,,,,,,,,,,,,,,,,,,,,,,,,,,,,,,,,
,,,,,,,,,,,,,,,,,,,,,,,,,,,,,,,,,,,,,,,,,,,,,
Iwagakure,,,,,,1x1,1x1,,,,,,,,,,,,,,,,,,,,,,,,,,,,,,,,,,,,,,
,,,,,,,,,,,,,,,,,,,,,,,,,,,,,,,,,,,,,,,,,,,,,
Iwagakure,,,,,,2x2,2x2,,,,,,,,,,,,,,,,,,,,,,,,,,,,,,,,,,,,,,
,,,,,,,,,,,,,,,,,,,,,,,,,,,,,,,,,,,,,,,,,,,,,
Iwagakure,,,,,,2x2,2x2,,,,,,,,,,,,,,,,,,,,,,,,,,,,,,,,,,,,,,
